id,tasting_session_id,winner_bottle_id,loser_bottle_id,created_at,winner_variant_id,loser_variant_id
00bac47f-9674-4cef-946e-b65c3fd59d03,f3f1f257-b2b4-4168-b667-d3a4c68ad233,a1a20971-35c7-4f7a-950f-b285b8b94729,bda493aa-cd97-437a-bff4-a0a4b5432cc5,2026-08-05 17:00:00+00,9587521a-0323-4ec2-a5b6-41b8394ea019,9ef9ff8a-55ad-4b41-9b59-c169df4b19da
22a7e574-fa06-44dc-8b11-502f7b3dd0da,f3f1f257-b2b4-4168-b667-d3a4c68ad233,a1a20971-35c7-4f7a-950f-b285b8b94729,0c5afeab-1c00-4fa1-adb2-300990500a67,2026-08-05 17:00:00+00,9587521a-0323-4ec2-a5b6-41b8394ea019,81e27bba-05f1-43b0-a806-4e08d0bf658a
43f3b5c2-b332-43d8-8509-c3f888aedc9f,f3f1f257-b2b4-4168-b667-d3a4c68ad233,bdb52ed0-b8dc-42f4-879f-abf3275b8fae,fece2bbc-b2fd-4acb-a5b4-817439b0c4f7,2026-08-05 17:00:00+00,56150e90-4ce8-4d3a-aaa1-98e7fc03b053,56b29901-7b04-4847-8189-3c1f4c0ec09a
86e31ea0-a59e-4dbd-bf82-caf9568c665e,f3f1f257-b2b4-4168-b667-d3a4c68ad233,a1a20971-35c7-4f7a-950f-b285b8b94729,fece2bbc-b2fd-4acb-a5b4-817439b0c4f7,2026-08-05 17:00:00+00,9587521a-0323-4ec2-a5b6-41b8394ea019,56b29901-7b04-4847-8189-3c1f4c0ec09a
8de42b62-2f82-4bac-8ce6-fb071fd9e8e5,f3f1f257-b2b4-4168-b667-d3a4c68ad233,bda493aa-cd97-437a-bff4-a0a4b5432cc5,fece2bbc-b2fd-4acb-a5b4-817439b0c4f7,2026-08-05 17:00:00+00,9ef9ff8a-55ad-4b41-9b59-c169df4b19da,56b29901-7b04-4847-8189-3c1f4c0ec09a
8df62ced-1680-47de-846e-54b3a88f85de,f3f1f257-b2b4-4168-b667-d3a4c68ad233,a1a20971-35c7-4f7a-950f-b285b8b94729,bdb52ed0-b8dc-42f4-879f-abf3275b8fae,2026-08-05 17:00:00+00,9587521a-0323-4ec2-a5b6-41b8394ea019,56150e90-4ce8-4d3a-aaa1-98e7fc03b053
b82b8b97-6cd1-4bfc-a2a4-0884ac98442b,f3f1f257-b2b4-4168-b667-d3a4c68ad233,0c5afeab-1c00-4fa1-adb2-300990500a67,bdb52ed0-b8dc-42f4-879f-abf3275b8fae,2026-08-05 17:00:00+00,81e27bba-05f1-43b0-a806-4e08d0bf658a,56150e90-4ce8-4d3a-aaa1-98e7fc03b053
ba5f43a5-3ef4-4707-bc7b-8b8ee9643a46,f3f1f257-b2b4-4168-b667-d3a4c68ad233,0c5afeab-1c00-4fa1-adb2-300990500a67,bda493aa-cd97-437a-bff4-a0a4b5432cc5,2026-08-05 17:00:00+00,81e27bba-05f1-43b0-a806-4e08d0bf658a,9ef9ff8a-55ad-4b41-9b59-c169df4b19da
c4298a75-0bbf-4ce4-a2ad-6aa2ad42471a,f3f1f257-b2b4-4168-b667-d3a4c68ad233,bdb52ed0-b8dc-42f4-879f-abf3275b8fae,bda493aa-cd97-437a-bff4-a0a4b5432cc5,2026-08-05 17:00:00+00,56150e90-4ce8-4d3a-aaa1-98e7fc03b053,9ef9ff8a-55ad-4b41-9b59-c169df4b19da
ee98632b-be12-44a6-b17e-61b47ffd2dcd,f3f1f257-b2b4-4168-b667-d3a4c68ad233,0c5afeab-1c00-4fa1-adb2-300990500a67,fece2bbc-b2fd-4acb-a5b4-817439b0c4f7,2026-08-05 17:00:00+00,81e27bba-05f1-43b0-a806-4e08d0bf658a,56b29901-7b04-4847-8189-3c1f4c0ec09a
00c97e34-61e7-4ce8-adf8-fe83f85ee005,76497374-d647-4ec6-a6c5-138ac7b88dd8,7d8d317c-f86c-40b6-adbe-ca6ad1a4bb18,f2178a5f-07d9-40de-b14a-d4ad1a44e810,2026-09-04 17:00:00+00,aea96b78-d95c-4988-a045-2799b83c2683,7ca73e0a-48cc-4af7-9726-b82084bd07b3
1c331c10-8bc1-48d1-a31e-28df61f17669,76497374-d647-4ec6-a6c5-138ac7b88dd8,71fb6ad4-3775-4fab-baae-a4e3a6bbdec3,f2178a5f-07d9-40de-b14a-d4ad1a44e810,2026-09-04 17:00:00+00,460a4d48-ac93-41fe-8ce6-713a493e3ece,7ca73e0a-48cc-4af7-9726-b82084bd07b3
1f562140-4b60-410b-a784-5e2fc3b86ec1,76497374-d647-4ec6-a6c5-138ac7b88dd8,f6f8b2df-207a-468a-946b-01ea37846595,f2178a5f-07d9-40de-b14a-d4ad1a44e810,2026-09-04 17:00:00+00,3e2cf33f-9286-4975-91a5-6c512ab43e91,7ca73e0a-48cc-4af7-9726-b82084bd07b3
569e8125-069d-4e2a-a9d1-a4e837a376f4,76497374-d647-4ec6-a6c5-138ac7b88dd8,f6f8b2df-207a-468a-946b-01ea37846595,71fb6ad4-3775-4fab-baae-a4e3a6bbdec3,2026-09-04 17:00:00+00,3e2cf33f-9286-4975-91a5-6c512ab43e91,460a4d48-ac93-41fe-8ce6-713a493e3ece
a43c8b2d-530c-4ec6-9927-6ea3ef8d7b67,76497374-d647-4ec6-a6c5-138ac7b88dd8,f6f8b2df-207a-468a-946b-01ea37846595,7d8d317c-f86c-40b6-adbe-ca6ad1a4bb18,2026-09-04 17:00:00+00,3e2cf33f-9286-4975-91a5-6c512ab43e91,aea96b78-d95c-4988-a045-2799b83c2683
ee84f982-579d-4b3c-95b6-e0f50d6c8d4f,76497374-d647-4ec6-a6c5-138ac7b88dd8,71fb6ad4-3775-4fab-baae-a4e3a6bbdec3,7d8d317c-f86c-40b6-adbe-ca6ad1a4bb18,2026-09-04 17:00:00+00,460a4d48-ac93-41fe-8ce6-713a493e3ece,aea96b78-d95c-4988-a045-2799b83c2683
0b3d60fc-2a91-45f2-9cfd-00ddfe07b630,45df1fc1-32c7-4f23-9669-45036ed5778f,a5fbadb5-03db-4319-b586-951225cde7e7,6187199d-f3da-4d1f-ac43-d17af5bf02fd,2026-09-05 20:11:14.572549+00,4688dca0-aa0c-4f8c-b6a1-f516b5dcddf1,25220c8b-1565-4a27-b8a5-93be817fb43f
236fca79-9e8d-4c6b-8600-d95afcf3dfea,45df1fc1-32c7-4f23-9669-45036ed5778f,a5fbadb5-03db-4319-b586-951225cde7e7,632a2034-dce6-4222-a77e-77d7873fff59,2026-09-05 20:11:14.572549+00,4688dca0-aa0c-4f8c-b6a1-f516b5dcddf1,1ce568b2-194b-406e-8bf2-a8508223856e
48659a58-57cb-4f21-9e79-2fdd12e7dbb8,45df1fc1-32c7-4f23-9669-45036ed5778f,ba961aa0-6768-46f1-a874-895d6a96e228,6187199d-f3da-4d1f-ac43-d17af5bf02fd,2026-09-05 20:11:14.572549+00,e48868ec-dd4e-475b-9a09-7948265dc655,25220c8b-1565-4a27-b8a5-93be817fb43f
4ec619ba-0b6e-46b5-abf5-e85d7a104d6c,45df1fc1-32c7-4f23-9669-45036ed5778f,a5fbadb5-03db-4319-b586-951225cde7e7,2d0b94eb-6304-4d31-94eb-3aad1fabb42b,2026-09-05 20:11:14.572549+00,4688dca0-aa0c-4f8c-b6a1-f516b5dcddf1,b69d8c66-74c6-4793-a363-c3d9a0c68daa
4fe22283-0e70-463e-be8f-7356210bee89,45df1fc1-32c7-4f23-9669-45036ed5778f,2d0b94eb-6304-4d31-94eb-3aad1fabb42b,6187199d-f3da-4d1f-ac43-d17af5bf02fd,2026-09-05 20:11:14.572549+00,b69d8c66-74c6-4793-a363-c3d9a0c68daa,25220c8b-1565-4a27-b8a5-93be817fb43f
51dd4fab-2baf-4b98-8dce-b8480ed6a949,45df1fc1-32c7-4f23-9669-45036ed5778f,ba961aa0-6768-46f1-a874-895d6a96e228,632a2034-dce6-4222-a77e-77d7873fff59,2026-09-05 20:11:14.572549+00,e48868ec-dd4e-475b-9a09-7948265dc655,1ce568b2-194b-406e-8bf2-a8508223856e
71c1bc78-e4e6-492c-bcec-1ccf79418836,45df1fc1-32c7-4f23-9669-45036ed5778f,e65130a4-9ef0-4593-b69d-7a07ac863f1c,2d0b94eb-6304-4d31-94eb-3aad1fabb42b,2026-09-05 20:11:14.572549+00,76e0e825-dcc1-4263-85d8-d0fef85b1fcb,b69d8c66-74c6-4793-a363-c3d9a0c68daa
7d43d66f-872a-48ad-a64c-a82be875f2d3,45df1fc1-32c7-4f23-9669-45036ed5778f,a5fbadb5-03db-4319-b586-951225cde7e7,ba961aa0-6768-46f1-a874-895d6a96e228,2026-09-05 20:11:14.572549+00,4688dca0-aa0c-4f8c-b6a1-f516b5dcddf1,e48868ec-dd4e-475b-9a09-7948265dc655
846b0b3c-91a7-422f-b58d-ccccc73d1254,45df1fc1-32c7-4f23-9669-45036ed5778f,632a2034-dce6-4222-a77e-77d7873fff59,6187199d-f3da-4d1f-ac43-d17af5bf02fd,2026-09-05 20:11:14.572549+00,1ce568b2-194b-406e-8bf2-a8508223856e,25220c8b-1565-4a27-b8a5-93be817fb43f
8470ffa4-9fac-4aed-bfb3-b6db8c65a63a,45df1fc1-32c7-4f23-9669-45036ed5778f,e65130a4-9ef0-4593-b69d-7a07ac863f1c,ba961aa0-6768-46f1-a874-895d6a96e228,2026-09-05 20:11:14.572549+00,76e0e825-dcc1-4263-85d8-d0fef85b1fcb,e48868ec-dd4e-475b-9a09-7948265dc655
8a077291-2e12-4536-b6e1-86b95e48ea1a,45df1fc1-32c7-4f23-9669-45036ed5778f,2d0b94eb-6304-4d31-94eb-3aad1fabb42b,632a2034-dce6-4222-a77e-77d7873fff59,2026-09-05 20:11:14.572549+00,b69d8c66-74c6-4793-a363-c3d9a0c68daa,1ce568b2-194b-406e-8bf2-a8508223856e
a7a23137-f88a-4961-b8b3-65de698b8f4d,45df1fc1-32c7-4f23-9669-45036ed5778f,ba961aa0-6768-46f1-a874-895d6a96e228,2d0b94eb-6304-4d31-94eb-3aad1fabb42b,2026-09-05 20:11:14.572549+00,e48868ec-dd4e-475b-9a09-7948265dc655,b69d8c66-74c6-4793-a363-c3d9a0c68daa
bd6a0e47-3500-48b2-8846-ad8f312f1fe5,45df1fc1-32c7-4f23-9669-45036ed5778f,e65130a4-9ef0-4593-b69d-7a07ac863f1c,6187199d-f3da-4d1f-ac43-d17af5bf02fd,2026-09-05 20:11:14.572549+00,76e0e825-dcc1-4263-85d8-d0fef85b1fcb,25220c8b-1565-4a27-b8a5-93be817fb43f
cb3e20c4-5194-4434-8dc1-59cb5e5a2f8a,45df1fc1-32c7-4f23-9669-45036ed5778f,e65130a4-9ef0-4593-b69d-7a07ac863f1c,632a2034-dce6-4222-a77e-77d7873fff59,2026-09-05 20:11:14.572549+00,76e0e825-dcc1-4263-85d8-d0fef85b1fcb,1ce568b2-194b-406e-8bf2-a8508223856e
d7ecd7d1-fc19-4d0c-8715-e287d621d7d4,45df1fc1-32c7-4f23-9669-45036ed5778f,e65130a4-9ef0-4593-b69d-7a07ac863f1c,a5fbadb5-03db-4319-b586-951225cde7e7,2026-09-05 20:11:14.572549+00,76e0e825-dcc1-4263-85d8-d0fef85b1fcb,4688dca0-aa0c-4f8c-b6a1-f516b5dcddf1
386782e7-35e3-4b56-a7de-54c043572287,ca7da44e-a8bb-4521-9ad4-f2994bb2adcf,0b59ec04-537f-4039-8e90-885b2205d780,2c90019b-b806-42f2-9fa2-764f0901f889,2026-09-05 21:08:49.469697+00,5466c0fd-645d-4def-8004-703c78eb58b3,91bd4d53-1593-4f58-9149-1daddacfb1e2
76f169d8-6785-4fc3-8b8b-ee71a3a65899,ca7da44e-a8bb-4521-9ad4-f2994bb2adcf,c33b7de2-b0d7-4f97-b806-e3e790f37567,526a9680-f180-4317-b044-49f5747c736c,2026-09-05 21:08:49.469697+00,f0a3025a-7a68-407f-94ec-cc21e84fe245,c990f9c6-df1f-4b7b-ab53-8ea15cd44f70
83cf8761-ff55-468f-8a2a-c518fd74ca9e,ca7da44e-a8bb-4521-9ad4-f2994bb2adcf,c33b7de2-b0d7-4f97-b806-e3e790f37567,2c90019b-b806-42f2-9fa2-764f0901f889,2026-09-05 21:08:49.469697+00,f0a3025a-7a68-407f-94ec-cc21e84fe245,91bd4d53-1593-4f58-9149-1daddacfb1e2
a2f798b6-9aef-4207-869f-6cf1238931e9,ca7da44e-a8bb-4521-9ad4-f2994bb2adcf,0b59ec04-537f-4039-8e90-885b2205d780,c33b7de2-b0d7-4f97-b806-e3e790f37567,2026-09-05 21:08:49.469697+00,5466c0fd-645d-4def-8004-703c78eb58b3,f0a3025a-7a68-407f-94ec-cc21e84fe245
ac82e9d6-329b-48b1-8bf8-e58e6bb449e4,ca7da44e-a8bb-4521-9ad4-f2994bb2adcf,2c90019b-b806-42f2-9fa2-764f0901f889,526a9680-f180-4317-b044-49f5747c736c,2026-09-05 21:08:49.469697+00,91bd4d53-1593-4f58-9149-1daddacfb1e2,c990f9c6-df1f-4b7b-ab53-8ea15cd44f70
f75e0432-4c21-458d-b48c-5653cafe0ae1,ca7da44e-a8bb-4521-9ad4-f2994bb2adcf,0b59ec04-537f-4039-8e90-885b2205d780,526a9680-f180-4317-b044-49f5747c736c,2026-09-05 21:08:49.469697+00,5466c0fd-645d-4def-8004-703c78eb58b3,c990f9c6-df1f-4b7b-ab53-8ea15cd44f70
1fbd3adf-c9f4-48ba-a0a1-a8afe8fc6f78,576f90ae-f896-40d4-9302-e477c64c74e2,d2c57c1f-41ea-4233-b623-8a5c72e3bac3,d47d74b5-f6f0-47b8-a253-1b8c1870ca62,2026-09-05 21:11:54.789691+00,ad628a1e-82a4-4775-81a6-002caab88c88,0aa4e31e-778e-43c9-a52f-42052a231422
1fd8c0aa-a09a-4822-9580-8449733a5a4b,576f90ae-f896-40d4-9302-e477c64c74e2,d47d74b5-f6f0-47b8-a253-1b8c1870ca62,7bbff048-4569-4595-bafc-d4e5cd69f936,2026-09-05 21:11:54.789691+00,0aa4e31e-778e-43c9-a52f-42052a231422,da35ec53-fa61-4734-b158-160e8c5f3c06
2aa51bd1-ed88-44f0-9a61-d212d6445e82,576f90ae-f896-40d4-9302-e477c64c74e2,2ad26c36-b0ad-4213-9840-51ea6ef64908,7bbff048-4569-4595-bafc-d4e5cd69f936,2026-09-05 21:11:54.789691+00,6ff8d93b-c242-4556-90c6-668aaaf3eefc,da35ec53-fa61-4734-b158-160e8c5f3c06
2c009eb9-4710-4eae-818d-c7b8e0d527ad,576f90ae-f896-40d4-9302-e477c64c74e2,d2c57c1f-41ea-4233-b623-8a5c72e3bac3,2ad26c36-b0ad-4213-9840-51ea6ef64908,2026-09-05 21:11:54.789691+00,ad628a1e-82a4-4775-81a6-002caab88c88,6ff8d93b-c242-4556-90c6-668aaaf3eefc
bb583f20-92af-4218-9313-1252c74a14aa,576f90ae-f896-40d4-9302-e477c64c74e2,d2c57c1f-41ea-4233-b623-8a5c72e3bac3,7bbff048-4569-4595-bafc-d4e5cd69f936,2026-09-05 21:11:54.789691+00,ad628a1e-82a4-4775-81a6-002caab88c88,da35ec53-fa61-4734-b158-160e8c5f3c06
e75d7728-5eb4-4881-9042-39b0c9fd906f,576f90ae-f896-40d4-9302-e477c64c74e2,2ad26c36-b0ad-4213-9840-51ea6ef64908,d47d74b5-f6f0-47b8-a253-1b8c1870ca62,2026-09-05 21:11:54.789691+00,6ff8d93b-c242-4556-90c6-668aaaf3eefc,0aa4e31e-778e-43c9-a52f-42052a231422
0ae280d5-a7b2-4acb-9a6f-2315a6e4e3b1,d761074f-f4ea-470e-b6f6-9a175a5363e5,b11e1703-aa76-483b-b593-34f955df0643,389c083f-a30a-4fd3-b564-800df9386b1d,2026-09-06 01:59:51.54809+00,cc5387bf-7b21-49b5-ab07-8174670a4124,fe6cfdd8-34f0-40f9-9ecb-e2f6ebf06ddb
191be109-b0a5-44fc-9f39-8c35f138d26e,d761074f-f4ea-470e-b6f6-9a175a5363e5,fd0e0807-0a2a-41d8-a727-f3fb26b03f8a,389c083f-a30a-4fd3-b564-800df9386b1d,2026-09-06 01:59:51.54809+00,fcd43745-b000-4122-a9ce-e29c9fab73a2,fe6cfdd8-34f0-40f9-9ecb-e2f6ebf06ddb
7f754d18-5078-43ca-8290-9e01272e7267,d761074f-f4ea-470e-b6f6-9a175a5363e5,915b5a30-dda9-41b1-a2a2-c11d1a865406,389c083f-a30a-4fd3-b564-800df9386b1d,2026-09-06 01:59:51.54809+00,5f7b1e9c-f689-4041-a783-c83db8094d37,fe6cfdd8-34f0-40f9-9ecb-e2f6ebf06ddb
9cd99ca9-65f5-4af5-8a9e-3d1ec9546389,d761074f-f4ea-470e-b6f6-9a175a5363e5,915b5a30-dda9-41b1-a2a2-c11d1a865406,fd0e0807-0a2a-41d8-a727-f3fb26b03f8a,2026-09-06 01:59:51.54809+00,5f7b1e9c-f689-4041-a783-c83db8094d37,fcd43745-b000-4122-a9ce-e29c9fab73a2
aabb17f4-ded4-4591-b10a-6adde2553aed,d761074f-f4ea-470e-b6f6-9a175a5363e5,b11e1703-aa76-483b-b593-34f955df0643,fd0e0807-0a2a-41d8-a727-f3fb26b03f8a,2026-09-06 01:59:51.54809+00,cc5387bf-7b21-49b5-ab07-8174670a4124,fcd43745-b000-4122-a9ce-e29c9fab73a2
da7e3c16-c44f-43a8-b631-fc4063f7aab5,d761074f-f4ea-470e-b6f6-9a175a5363e5,b11e1703-aa76-483b-b593-34f955df0643,915b5a30-dda9-41b1-a2a2-c11d1a865406,2026-09-06 01:59:51.54809+00,cc5387bf-7b21-49b5-ab07-8174670a4124,5f7b1e9c-f689-4041-a783-c83db8094d37
073a0942-0f27-4cfd-a967-ce71b59b7c6b,7101fdf5-b77d-44b9-b7b7-d4d7b59c04e8,c350c91d-25f6-4c70-9f06-3d168bdb6220,761b383d-5813-4432-8973-485c4bf62dbe,2026-09-06 04:00:51.236254+00,07c5cc1d-d042-4a43-b87d-7e53f15bca51,3209de96-ac35-4cdb-8b24-d509a9982300
0d0dfa47-ca1a-4713-88e1-bfc5d79d9b7d,7101fdf5-b77d-44b9-b7b7-d4d7b59c04e8,f791c15c-bd78-449c-8772-aaa701eb949f,4256976f-4adb-425b-bcd6-d242b672f712,2026-09-06 04:00:51.236254+00,121d76bf-a9ec-43f0-ac9e-65faaa72b7cb,d5c0781e-dacf-4718-83f8-aff0214a37a9
18287a47-d85a-48b6-b92e-e5bddaefb10a,7101fdf5-b77d-44b9-b7b7-d4d7b59c04e8,4256976f-4adb-425b-bcd6-d242b672f712,d6e8df4d-135f-4925-abe1-0bffb8c287fb,2026-09-06 04:00:51.236254+00,d5c0781e-dacf-4718-83f8-aff0214a37a9,a4a1410a-67f4-44eb-a852-80858d58af46
1f49805b-6f9f-47f5-b513-f5f65349c1cc,7101fdf5-b77d-44b9-b7b7-d4d7b59c04e8,c350c91d-25f6-4c70-9f06-3d168bdb6220,0b59ec04-537f-4039-8e90-885b2205d780,2026-09-06 04:00:51.236254+00,07c5cc1d-d042-4a43-b87d-7e53f15bca51,5466c0fd-645d-4def-8004-703c78eb58b3
205cf971-a860-4edb-a353-0c982aa29600,7101fdf5-b77d-44b9-b7b7-d4d7b59c04e8,d47d74b5-f6f0-47b8-a253-1b8c1870ca62,d6e8df4d-135f-4925-abe1-0bffb8c287fb,2026-09-06 04:00:51.236254+00,0aa4e31e-778e-43c9-a52f-42052a231422,a4a1410a-67f4-44eb-a852-80858d58af46
316d3aef-4646-4760-951d-839f4b01f608,7101fdf5-b77d-44b9-b7b7-d4d7b59c04e8,4256976f-4adb-425b-bcd6-d242b672f712,a6748e41-bab0-4e45-8fe6-22e9e676da86,2026-09-06 04:00:51.236254+00,d5c0781e-dacf-4718-83f8-aff0214a37a9,2fd6d831-b004-46fb-a029-ef07dd710830
3607ee39-84a6-4aa3-a4db-b4a8bc1e2da8,7101fdf5-b77d-44b9-b7b7-d4d7b59c04e8,c350c91d-25f6-4c70-9f06-3d168bdb6220,4256976f-4adb-425b-bcd6-d242b672f712,2026-09-06 04:00:51.236254+00,07c5cc1d-d042-4a43-b87d-7e53f15bca51,d5c0781e-dacf-4718-83f8-aff0214a37a9
3c2bbde8-fcf2-4e37-8b61-04320e215453,7101fdf5-b77d-44b9-b7b7-d4d7b59c04e8,851010c6-3578-4094-a251-51126df4f9d1,a6748e41-bab0-4e45-8fe6-22e9e676da86,2026-09-06 04:00:51.236254+00,e0013dea-5213-42ee-868b-4e74152b673e,2fd6d831-b004-46fb-a029-ef07dd710830
41cac5b0-25ad-4871-b924-63d494ad3849,7101fdf5-b77d-44b9-b7b7-d4d7b59c04e8,c350c91d-25f6-4c70-9f06-3d168bdb6220,bee8906e-78d7-4d83-9eda-20aa11dedea3,2026-09-06 04:00:51.236254+00,07c5cc1d-d042-4a43-b87d-7e53f15bca51,8b51779d-691a-4482-9820-a8711ba48bfd
4476f46b-f096-4cbe-837d-452f8a04a871,7101fdf5-b77d-44b9-b7b7-d4d7b59c04e8,4256976f-4adb-425b-bcd6-d242b672f712,851010c6-3578-4094-a251-51126df4f9d1,2026-09-06 04:00:51.236254+00,d5c0781e-dacf-4718-83f8-aff0214a37a9,e0013dea-5213-42ee-868b-4e74152b673e
465a8875-e06c-4beb-86b9-cf9021bb83ee,7101fdf5-b77d-44b9-b7b7-d4d7b59c04e8,761b383d-5813-4432-8973-485c4bf62dbe,bee8906e-78d7-4d83-9eda-20aa11dedea3,2026-09-06 04:00:51.236254+00,3209de96-ac35-4cdb-8b24-d509a9982300,8b51779d-691a-4482-9820-a8711ba48bfd
4936739b-320a-463a-98c3-9a6bbd0103d4,7101fdf5-b77d-44b9-b7b7-d4d7b59c04e8,851010c6-3578-4094-a251-51126df4f9d1,d6e8df4d-135f-4925-abe1-0bffb8c287fb,2026-09-06 04:00:51.236254+00,e0013dea-5213-42ee-868b-4e74152b673e,a4a1410a-67f4-44eb-a852-80858d58af46
4d60cd8e-bbaa-4dde-af4c-6aae7f88c946,7101fdf5-b77d-44b9-b7b7-d4d7b59c04e8,f791c15c-bd78-449c-8772-aaa701eb949f,851010c6-3578-4094-a251-51126df4f9d1,2026-09-06 04:00:51.236254+00,121d76bf-a9ec-43f0-ac9e-65faaa72b7cb,e0013dea-5213-42ee-868b-4e74152b673e
500f1b17-721b-4139-9f5a-fff26cf0bd2c,7101fdf5-b77d-44b9-b7b7-d4d7b59c04e8,0b59ec04-537f-4039-8e90-885b2205d780,a6748e41-bab0-4e45-8fe6-22e9e676da86,2026-09-06 04:00:51.236254+00,5466c0fd-645d-4def-8004-703c78eb58b3,2fd6d831-b004-46fb-a029-ef07dd710830
55fa21e7-4fed-4603-83c4-b08aa293b6ab,7101fdf5-b77d-44b9-b7b7-d4d7b59c04e8,d47d74b5-f6f0-47b8-a253-1b8c1870ca62,c350c91d-25f6-4c70-9f06-3d168bdb6220,2026-09-06 04:00:51.236254+00,0aa4e31e-778e-43c9-a52f-42052a231422,07c5cc1d-d042-4a43-b87d-7e53f15bca51
59518cfb-bee1-4428-bfc2-8ca9a4366666,7101fdf5-b77d-44b9-b7b7-d4d7b59c04e8,bee8906e-78d7-4d83-9eda-20aa11dedea3,a6748e41-bab0-4e45-8fe6-22e9e676da86,2026-09-06 04:00:51.236254+00,8b51779d-691a-4482-9820-a8711ba48bfd,2fd6d831-b004-46fb-a029-ef07dd710830
5bee5479-16ff-4fcb-82c2-8edc977f4af9,7101fdf5-b77d-44b9-b7b7-d4d7b59c04e8,d47d74b5-f6f0-47b8-a253-1b8c1870ca62,851010c6-3578-4094-a251-51126df4f9d1,2026-09-06 04:00:51.236254+00,0aa4e31e-778e-43c9-a52f-42052a231422,e0013dea-5213-42ee-868b-4e74152b673e
635b7268-bb92-45ad-9df1-62ea8ef59af2,7101fdf5-b77d-44b9-b7b7-d4d7b59c04e8,0b59ec04-537f-4039-8e90-885b2205d780,761b383d-5813-4432-8973-485c4bf62dbe,2026-09-06 04:00:51.236254+00,5466c0fd-645d-4def-8004-703c78eb58b3,3209de96-ac35-4cdb-8b24-d509a9982300
63715083-c8e9-40fc-b52b-eeff92e29328,7101fdf5-b77d-44b9-b7b7-d4d7b59c04e8,0b59ec04-537f-4039-8e90-885b2205d780,4256976f-4adb-425b-bcd6-d242b672f712,2026-09-06 04:00:51.236254+00,5466c0fd-645d-4def-8004-703c78eb58b3,d5c0781e-dacf-4718-83f8-aff0214a37a9
67745374-f8ac-441f-a61c-af5ca5ab1146,7101fdf5-b77d-44b9-b7b7-d4d7b59c04e8,bee8906e-78d7-4d83-9eda-20aa11dedea3,d6e8df4d-135f-4925-abe1-0bffb8c287fb,2026-09-06 04:00:51.236254+00,8b51779d-691a-4482-9820-a8711ba48bfd,a4a1410a-67f4-44eb-a852-80858d58af46
79668a3d-67ce-4c61-9b37-0d1030739889,7101fdf5-b77d-44b9-b7b7-d4d7b59c04e8,0b59ec04-537f-4039-8e90-885b2205d780,bee8906e-78d7-4d83-9eda-20aa11dedea3,2026-09-06 04:00:51.236254+00,5466c0fd-645d-4def-8004-703c78eb58b3,8b51779d-691a-4482-9820-a8711ba48bfd
7a0f5082-a770-474e-9b79-690b162086d6,7101fdf5-b77d-44b9-b7b7-d4d7b59c04e8,4256976f-4adb-425b-bcd6-d242b672f712,761b383d-5813-4432-8973-485c4bf62dbe,2026-09-06 04:00:51.236254+00,d5c0781e-dacf-4718-83f8-aff0214a37a9,3209de96-ac35-4cdb-8b24-d509a9982300
7a2b5741-7398-4119-a606-6e33ecfaf08e,7101fdf5-b77d-44b9-b7b7-d4d7b59c04e8,761b383d-5813-4432-8973-485c4bf62dbe,d6e8df4d-135f-4925-abe1-0bffb8c287fb,2026-09-06 04:00:51.236254+00,3209de96-ac35-4cdb-8b24-d509a9982300,a4a1410a-67f4-44eb-a852-80858d58af46
7ca3987d-3915-4a1d-a9f1-a385d45db55a,7101fdf5-b77d-44b9-b7b7-d4d7b59c04e8,851010c6-3578-4094-a251-51126df4f9d1,761b383d-5813-4432-8973-485c4bf62dbe,2026-09-06 04:00:51.236254+00,e0013dea-5213-42ee-868b-4e74152b673e,3209de96-ac35-4cdb-8b24-d509a9982300
8aa848bb-5c08-413a-bdec-c5c661805105,7101fdf5-b77d-44b9-b7b7-d4d7b59c04e8,d47d74b5-f6f0-47b8-a253-1b8c1870ca62,0b59ec04-537f-4039-8e90-885b2205d780,2026-09-06 04:00:51.236254+00,0aa4e31e-778e-43c9-a52f-42052a231422,5466c0fd-645d-4def-8004-703c78eb58b3
93b8fb68-5efc-4038-8c2c-9c867c3adee0,7101fdf5-b77d-44b9-b7b7-d4d7b59c04e8,f791c15c-bd78-449c-8772-aaa701eb949f,0b59ec04-537f-4039-8e90-885b2205d780,2026-09-06 04:00:51.236254+00,121d76bf-a9ec-43f0-ac9e-65faaa72b7cb,5466c0fd-645d-4def-8004-703c78eb58b3
94306efc-1858-43bb-a878-2db62afdf8c5,7101fdf5-b77d-44b9-b7b7-d4d7b59c04e8,f791c15c-bd78-449c-8772-aaa701eb949f,761b383d-5813-4432-8973-485c4bf62dbe,2026-09-06 04:00:51.236254+00,121d76bf-a9ec-43f0-ac9e-65faaa72b7cb,3209de96-ac35-4cdb-8b24-d509a9982300
96347320-2b18-4fc7-b48d-96e43a53a8cb,7101fdf5-b77d-44b9-b7b7-d4d7b59c04e8,d47d74b5-f6f0-47b8-a253-1b8c1870ca62,a6748e41-bab0-4e45-8fe6-22e9e676da86,2026-09-06 04:00:51.236254+00,0aa4e31e-778e-43c9-a52f-42052a231422,2fd6d831-b004-46fb-a029-ef07dd710830
98c69654-cecf-425b-91a9-f6273db9986d,7101fdf5-b77d-44b9-b7b7-d4d7b59c04e8,f791c15c-bd78-449c-8772-aaa701eb949f,bee8906e-78d7-4d83-9eda-20aa11dedea3,2026-09-06 04:00:51.236254+00,121d76bf-a9ec-43f0-ac9e-65faaa72b7cb,8b51779d-691a-4482-9820-a8711ba48bfd
9a381b0e-6b3d-412a-a9b0-6df6b8b08a1d,7101fdf5-b77d-44b9-b7b7-d4d7b59c04e8,851010c6-3578-4094-a251-51126df4f9d1,bee8906e-78d7-4d83-9eda-20aa11dedea3,2026-09-06 04:00:51.236254+00,e0013dea-5213-42ee-868b-4e74152b673e,8b51779d-691a-4482-9820-a8711ba48bfd
a482592b-4204-42d2-a341-80b76fa1186e,7101fdf5-b77d-44b9-b7b7-d4d7b59c04e8,d6e8df4d-135f-4925-abe1-0bffb8c287fb,a6748e41-bab0-4e45-8fe6-22e9e676da86,2026-09-06 04:00:51.236254+00,a4a1410a-67f4-44eb-a852-80858d58af46,2fd6d831-b004-46fb-a029-ef07dd710830
af54f0ee-ca85-465f-bbae-1659764a4106,7101fdf5-b77d-44b9-b7b7-d4d7b59c04e8,f791c15c-bd78-449c-8772-aaa701eb949f,d47d74b5-f6f0-47b8-a253-1b8c1870ca62,2026-09-06 04:00:51.236254+00,121d76bf-a9ec-43f0-ac9e-65faaa72b7cb,0aa4e31e-778e-43c9-a52f-42052a231422
bd9a2977-02da-4cb3-8b8d-48a6471777b2,7101fdf5-b77d-44b9-b7b7-d4d7b59c04e8,c350c91d-25f6-4c70-9f06-3d168bdb6220,a6748e41-bab0-4e45-8fe6-22e9e676da86,2026-09-06 04:00:51.236254+00,07c5cc1d-d042-4a43-b87d-7e53f15bca51,2fd6d831-b004-46fb-a029-ef07dd710830
bebfc05b-461a-4d1d-afd1-b48c9dcff397,7101fdf5-b77d-44b9-b7b7-d4d7b59c04e8,f791c15c-bd78-449c-8772-aaa701eb949f,c350c91d-25f6-4c70-9f06-3d168bdb6220,2026-09-06 04:00:51.236254+00,121d76bf-a9ec-43f0-ac9e-65faaa72b7cb,07c5cc1d-d042-4a43-b87d-7e53f15bca51
c1167b44-22e8-4673-a475-5089a44c3777,7101fdf5-b77d-44b9-b7b7-d4d7b59c04e8,0b59ec04-537f-4039-8e90-885b2205d780,851010c6-3578-4094-a251-51126df4f9d1,2026-09-06 04:00:51.236254+00,5466c0fd-645d-4def-8004-703c78eb58b3,e0013dea-5213-42ee-868b-4e74152b673e
d26b1ea8-e40a-4686-b615-d621b4f86264,7101fdf5-b77d-44b9-b7b7-d4d7b59c04e8,4256976f-4adb-425b-bcd6-d242b672f712,bee8906e-78d7-4d83-9eda-20aa11dedea3,2026-09-06 04:00:51.236254+00,d5c0781e-dacf-4718-83f8-aff0214a37a9,8b51779d-691a-4482-9820-a8711ba48bfd
daa86f5b-c3de-4ddc-b87e-bd2fa3524fe8,7101fdf5-b77d-44b9-b7b7-d4d7b59c04e8,d47d74b5-f6f0-47b8-a253-1b8c1870ca62,761b383d-5813-4432-8973-485c4bf62dbe,2026-09-06 04:00:51.236254+00,0aa4e31e-778e-43c9-a52f-42052a231422,3209de96-ac35-4cdb-8b24-d509a9982300
e0cea2ca-a1e3-48f8-b250-d52bb7b9bfe4,7101fdf5-b77d-44b9-b7b7-d4d7b59c04e8,c350c91d-25f6-4c70-9f06-3d168bdb6220,851010c6-3578-4094-a251-51126df4f9d1,2026-09-06 04:00:51.236254+00,07c5cc1d-d042-4a43-b87d-7e53f15bca51,e0013dea-5213-42ee-868b-4e74152b673e
e8319d24-e330-46e7-94b0-ebaa6c44aa4d,7101fdf5-b77d-44b9-b7b7-d4d7b59c04e8,d47d74b5-f6f0-47b8-a253-1b8c1870ca62,4256976f-4adb-425b-bcd6-d242b672f712,2026-09-06 04:00:51.236254+00,0aa4e31e-778e-43c9-a52f-42052a231422,d5c0781e-dacf-4718-83f8-aff0214a37a9
ee6a2b85-663e-4218-814f-de440f30c2c3,7101fdf5-b77d-44b9-b7b7-d4d7b59c04e8,d47d74b5-f6f0-47b8-a253-1b8c1870ca62,bee8906e-78d7-4d83-9eda-20aa11dedea3,2026-09-06 04:00:51.236254+00,0aa4e31e-778e-43c9-a52f-42052a231422,8b51779d-691a-4482-9820-a8711ba48bfd
eed47ac3-63a4-4c44-ba41-c4b19a67d926,7101fdf5-b77d-44b9-b7b7-d4d7b59c04e8,f791c15c-bd78-449c-8772-aaa701eb949f,a6748e41-bab0-4e45-8fe6-22e9e676da86,2026-09-06 04:00:51.236254+00,121d76bf-a9ec-43f0-ac9e-65faaa72b7cb,2fd6d831-b004-46fb-a029-ef07dd710830
eee805d3-4181-40b6-acc0-3be027739566,7101fdf5-b77d-44b9-b7b7-d4d7b59c04e8,0b59ec04-537f-4039-8e90-885b2205d780,d6e8df4d-135f-4925-abe1-0bffb8c287fb,2026-09-06 04:00:51.236254+00,5466c0fd-645d-4def-8004-703c78eb58b3,a4a1410a-67f4-44eb-a852-80858d58af46
f1268f8a-c269-4f5f-ac6d-ebe3313b0788,7101fdf5-b77d-44b9-b7b7-d4d7b59c04e8,f791c15c-bd78-449c-8772-aaa701eb949f,d6e8df4d-135f-4925-abe1-0bffb8c287fb,2026-09-06 04:00:51.236254+00,121d76bf-a9ec-43f0-ac9e-65faaa72b7cb,a4a1410a-67f4-44eb-a852-80858d58af46
faff7cd4-e8ad-42cf-855a-660b60f98d30,7101fdf5-b77d-44b9-b7b7-d4d7b59c04e8,761b383d-5813-4432-8973-485c4bf62dbe,a6748e41-bab0-4e45-8fe6-22e9e676da86,2026-09-06 04:00:51.236254+00,3209de96-ac35-4cdb-8b24-d509a9982300,2fd6d831-b004-46fb-a029-ef07dd710830
fc85b841-79ea-4028-bf63-3146a68d2b7e,7101fdf5-b77d-44b9-b7b7-d4d7b59c04e8,c350c91d-25f6-4c70-9f06-3d168bdb6220,d6e8df4d-135f-4925-abe1-0bffb8c287fb,2026-09-06 04:00:51.236254+00,07c5cc1d-d042-4a43-b87d-7e53f15bca51,a4a1410a-67f4-44eb-a852-80858d58af46
49f3fbb4-1e76-497b-89a9-ff7c61d7a254,7a9c4f56-6b96-4e0b-b316-8d07dd6120ff,63965175-df64-48d2-8a64-9f551bd06640,3505052d-d935-4b15-a1c0-400115fe3268,2026-09-06 14:11:57.520319+00,c721a546-1d06-42c2-97c2-196a11a0ffa8,d7b55a53-b693-4418-87b8-6608a458555d
59adf260-a634-40bc-b154-e151034bfe7a,56eff16e-e2de-4bd8-9168-63fdfa0912fd,cee9d74e-344b-4c2e-b7b0-ccecfc967cc6,aaafa694-479e-4f57-9d3c-156aadd9261b,2026-09-06 14:49:25.103719+00,6ccfdf9c-17c7-45b2-9b9f-9124af105211,32b70702-803f-4757-af32-c405d3edea97
19c06f5b-9565-4420-ad47-9f1b53a43313,e6c80e7e-4395-4a60-b017-443fc6c8a3b6,7cc7b854-b63b-4b0c-92dd-88f9b436d337,6d4f2ed4-fefa-4c74-90bd-f9127c5eb9d4,2026-09-06 14:57:10.09446+00,b7079e0c-2088-472c-a4c8-b2ff0224276e,7f0cf189-45ea-4a6c-ac32-59dbc001ace3
c0c6c508-3053-47e2-a2ea-f1e4e9614939,b4b81825-2b5f-4afa-a445-07a5af2b27a2,687a130c-9e57-4519-b8d2-b61a81f045b6,6f2329a5-be8a-4640-8fbd-f5176dc4ab8c,2026-09-06 14:59:09.830656+00,87820a16-2f41-4994-89bd-f8174b7a3980,7a717f20-bdd8-460c-bb4a-5a94901d49ea
2b56e9ad-c098-4372-9e0c-4b36e1848af2,e40a7eee-fcc4-43e2-a7b2-6174ffff6a32,a6748e41-bab0-4e45-8fe6-22e9e676da86,997fd174-e516-4879-8c08-1c13be490635,2026-09-06 15:12:00.270844+00,2fd6d831-b004-46fb-a029-ef07dd710830,a74424b2-990a-45ab-8b6b-45ca82decb58
72d54cd2-47c2-46ab-a821-b407749d1125,c21b976f-b49f-407d-8026-5c544d90a1b5,9293501a-db05-4dee-bb90-c0a211037662,d964c2c0-174e-4f9e-827a-3d5915da351b,2026-09-06 15:18:01.326438+00,0467f8d9-fab0-464c-b297-c35916df639f,7c8d0fa5-f0fe-4839-82e4-c11acdea8d12
0e91c572-7754-41d6-af24-6af0e0869cae,616f762e-7d77-4769-8a08-a2b1d4b3975a,7bbf7842-a9b0-43cc-8f9b-62dcedb2163c,ea4ed299-ffe2-4c15-8688-00e0220affdd,2026-09-11 17:00:00+00,6171a259-b991-4db5-b458-c6505357aed0,d68055ca-4a01-4a91-947d-fcdb79e439a4
16e7d62d-4082-4369-8b5d-d3ea0ac2db55,616f762e-7d77-4769-8a08-a2b1d4b3975a,7bbf7842-a9b0-43cc-8f9b-62dcedb2163c,c1e80410-13a0-4203-b452-d073e6b78b56,2026-09-11 17:00:00+00,6171a259-b991-4db5-b458-c6505357aed0,bfab48ca-7ef5-40a8-9d1c-a05cf8969dcf
32a81ccf-f90d-4453-a700-2f92cf81b04a,616f762e-7d77-4769-8a08-a2b1d4b3975a,b4d77c7d-4c11-479e-b3d5-23981498c54e,ea4ed299-ffe2-4c15-8688-00e0220affdd,2026-09-11 17:00:00+00,c8270e01-1d57-4a1e-a2b6-418bc46a40eb,d68055ca-4a01-4a91-947d-fcdb79e439a4
8f81b46d-c267-4beb-9c59-34266b16196d,616f762e-7d77-4769-8a08-a2b1d4b3975a,7bbf7842-a9b0-43cc-8f9b-62dcedb2163c,b4d77c7d-4c11-479e-b3d5-23981498c54e,2026-09-11 17:00:00+00,6171a259-b991-4db5-b458-c6505357aed0,c8270e01-1d57-4a1e-a2b6-418bc46a40eb
9940feab-8f57-45bc-8afc-a932c2df8a7c,616f762e-7d77-4769-8a08-a2b1d4b3975a,7c394066-e4c9-44ca-a215-073e91aea438,b4d77c7d-4c11-479e-b3d5-23981498c54e,2026-09-11 17:00:00+00,818f0e0a-b7e8-4cfd-8a82-ffac9e01d465,c8270e01-1d57-4a1e-a2b6-418bc46a40eb
a0b2066d-fab0-4c2f-a328-7a61ffa30dd7,616f762e-7d77-4769-8a08-a2b1d4b3975a,7c394066-e4c9-44ca-a215-073e91aea438,ea4ed299-ffe2-4c15-8688-00e0220affdd,2026-09-11 17:00:00+00,818f0e0a-b7e8-4cfd-8a82-ffac9e01d465,d68055ca-4a01-4a91-947d-fcdb79e439a4
a6f728e5-b3e3-435b-90ef-8a226112f6cf,616f762e-7d77-4769-8a08-a2b1d4b3975a,7c394066-e4c9-44ca-a215-073e91aea438,c1e80410-13a0-4203-b452-d073e6b78b56,2026-09-11 17:00:00+00,818f0e0a-b7e8-4cfd-8a82-ffac9e01d465,bfab48ca-7ef5-40a8-9d1c-a05cf8969dcf
a9a9b21c-d927-457f-91be-d834043be343,616f762e-7d77-4769-8a08-a2b1d4b3975a,7bbf7842-a9b0-43cc-8f9b-62dcedb2163c,7c394066-e4c9-44ca-a215-073e91aea438,2026-09-11 17:00:00+00,6171a259-b991-4db5-b458-c6505357aed0,818f0e0a-b7e8-4cfd-8a82-ffac9e01d465
d1956c4f-f9a9-4b39-81d8-f397a7cfbdb4,616f762e-7d77-4769-8a08-a2b1d4b3975a,c1e80410-13a0-4203-b452-d073e6b78b56,b4d77c7d-4c11-479e-b3d5-23981498c54e,2026-09-11 17:00:00+00,bfab48ca-7ef5-40a8-9d1c-a05cf8969dcf,c8270e01-1d57-4a1e-a2b6-418bc46a40eb
e2a2a99a-fbef-4ffb-9b9f-7337ccd0b7c1,616f762e-7d77-4769-8a08-a2b1d4b3975a,c1e80410-13a0-4203-b452-d073e6b78b56,ea4ed299-ffe2-4c15-8688-00e0220affdd,2026-09-11 17:00:00+00,bfab48ca-7ef5-40a8-9d1c-a05cf8969dcf,d68055ca-4a01-4a91-947d-fcdb79e439a4
1d46efcb-d205-413a-ba82-aa75a55c0336,57f8442f-2d4d-4cf7-98c5-8724f8061b76,3777823a-b271-4098-8a52-283d56746891,b91d3d8d-42e9-4d40-bba1-3ce8e73fa22f,2026-09-13 02:08:49.837773+00,70e2fc29-6d85-44b1-97f4-375b1f3b818e,d7f0471a-59af-4d3c-b406-1f08a652dc50
8af76211-a693-47a0-b9df-27c79654a440,57f8442f-2d4d-4cf7-98c5-8724f8061b76,997fd174-e516-4879-8c08-1c13be490635,3777823a-b271-4098-8a52-283d56746891,2026-09-13 02:08:49.837773+00,a74424b2-990a-45ab-8b6b-45ca82decb58,70e2fc29-6d85-44b1-97f4-375b1f3b818e
d8051a9a-9d90-4cf6-b2c6-0ec4cdd41e97,57f8442f-2d4d-4cf7-98c5-8724f8061b76,997fd174-e516-4879-8c08-1c13be490635,b91d3d8d-42e9-4d40-bba1-3ce8e73fa22f,2026-09-13 02:08:49.837773+00,a74424b2-990a-45ab-8b6b-45ca82decb58,d7f0471a-59af-4d3c-b406-1f08a652dc50
04f1c05c-4dcf-454e-9812-7f841f2537ef,60b3f220-5f8f-4abd-9288-ae40dd6c2092,4d19acd1-790e-4aeb-b3ed-ce8320f98623,ee27cc08-1675-4df0-b1e3-3783250a327b,2026-09-13 02:41:03.598394+00,389beacc-b222-49f6-84e7-1933b465aeac,1f03c41b-914b-4276-9328-206a942d4d7b
8cc5016b-25dd-47f8-8977-1f454708b564,60b3f220-5f8f-4abd-9288-ae40dd6c2092,4d19acd1-790e-4aeb-b3ed-ce8320f98623,4d1e0c41-26b0-4516-a1ab-e24e1f3301fc,2026-09-13 02:41:03.598394+00,389beacc-b222-49f6-84e7-1933b465aeac,1c7bd01a-be22-45bb-ad0f-b4da3db30dd2
abe5f44e-369d-4903-8a75-c56c7cd0f215,60b3f220-5f8f-4abd-9288-ae40dd6c2092,4d1e0c41-26b0-4516-a1ab-e24e1f3301fc,ee27cc08-1675-4df0-b1e3-3783250a327b,2026-09-13 02:41:03.598394+00,1c7bd01a-be22-45bb-ad0f-b4da3db30dd2,1f03c41b-914b-4276-9328-206a942d4d7b
b0502b4a-2927-41db-b330-9c6552aa34e1,0c969d16-9fb9-4618-9b01-73274e4c73aa,4d19acd1-790e-4aeb-b3ed-ce8320f98623,4d1e0c41-26b0-4516-a1ab-e24e1f3301fc,2026-09-13 02:42:03.759605+00,389beacc-b222-49f6-84e7-1933b465aeac,1c7bd01a-be22-45bb-ad0f-b4da3db30dd2
13883b41-8322-4f3a-990c-94af5a713c0e,308d76da-35e3-405e-9b70-6cbf528de394,997fd174-e516-4879-8c08-1c13be490635,8b85f30b-35a2-46a9-9b5c-a61b7b21f687,2026-09-14 17:00:00+00,a74424b2-990a-45ab-8b6b-45ca82decb58,82c59696-8b72-484c-a0a4-d18a3c5db941
14e87886-79df-4643-9548-fa31c6ab5f69,308d76da-35e3-405e-9b70-6cbf528de394,e7858e74-28e0-46ac-85d1-3bd15cb40b7f,a5fbadb5-03db-4319-b586-951225cde7e7,2026-09-14 17:00:00+00,65c631aa-5b85-4dac-b5cb-3db4748f3d43,4688dca0-aa0c-4f8c-b6a1-f516b5dcddf1
298c0e7e-21bf-4c3f-bd05-c8d5495587cc,308d76da-35e3-405e-9b70-6cbf528de394,d2c57c1f-41ea-4233-b623-8a5c72e3bac3,a5fbadb5-03db-4319-b586-951225cde7e7,2026-09-14 17:00:00+00,ad628a1e-82a4-4775-81a6-002caab88c88,4688dca0-aa0c-4f8c-b6a1-f516b5dcddf1
2a8557c5-4ef4-4fa1-aee5-cf1e526931f7,308d76da-35e3-405e-9b70-6cbf528de394,5108d894-d08b-49d9-a33e-57e1eb5d8eec,e7858e74-28e0-46ac-85d1-3bd15cb40b7f,2026-09-14 17:00:00+00,0bb2f310-a286-47e8-ac87-78658d6bb2ac,65c631aa-5b85-4dac-b5cb-3db4748f3d43
4271cb94-f2e1-42ba-a906-406958b30b20,308d76da-35e3-405e-9b70-6cbf528de394,a5fbadb5-03db-4319-b586-951225cde7e7,997fd174-e516-4879-8c08-1c13be490635,2026-09-14 17:00:00+00,4688dca0-aa0c-4f8c-b6a1-f516b5dcddf1,a74424b2-990a-45ab-8b6b-45ca82decb58
54e82061-5f32-4b5b-bdb3-e9bf2d57c515,308d76da-35e3-405e-9b70-6cbf528de394,5108d894-d08b-49d9-a33e-57e1eb5d8eec,997fd174-e516-4879-8c08-1c13be490635,2026-09-14 17:00:00+00,0bb2f310-a286-47e8-ac87-78658d6bb2ac,a74424b2-990a-45ab-8b6b-45ca82decb58
72dbda67-0776-45dd-9e9c-12cde23344f5,308d76da-35e3-405e-9b70-6cbf528de394,e7858e74-28e0-46ac-85d1-3bd15cb40b7f,8b85f30b-35a2-46a9-9b5c-a61b7b21f687,2026-09-14 17:00:00+00,65c631aa-5b85-4dac-b5cb-3db4748f3d43,82c59696-8b72-484c-a0a4-d18a3c5db941
872168ca-407c-4317-9fae-00f39f804333,308d76da-35e3-405e-9b70-6cbf528de394,5108d894-d08b-49d9-a33e-57e1eb5d8eec,a5fbadb5-03db-4319-b586-951225cde7e7,2026-09-14 17:00:00+00,0bb2f310-a286-47e8-ac87-78658d6bb2ac,4688dca0-aa0c-4f8c-b6a1-f516b5dcddf1
a628c3a7-eb07-4808-b168-d8487a31b092,308d76da-35e3-405e-9b70-6cbf528de394,5108d894-d08b-49d9-a33e-57e1eb5d8eec,8b85f30b-35a2-46a9-9b5c-a61b7b21f687,2026-09-14 17:00:00+00,0bb2f310-a286-47e8-ac87-78658d6bb2ac,82c59696-8b72-484c-a0a4-d18a3c5db941
bcfc4a0f-f965-4c12-82f0-76515cd65b2d,308d76da-35e3-405e-9b70-6cbf528de394,a5fbadb5-03db-4319-b586-951225cde7e7,8b85f30b-35a2-46a9-9b5c-a61b7b21f687,2026-09-14 17:00:00+00,4688dca0-aa0c-4f8c-b6a1-f516b5dcddf1,82c59696-8b72-484c-a0a4-d18a3c5db941
c509c229-3233-43ed-8a47-0c797361d40d,308d76da-35e3-405e-9b70-6cbf528de394,d2c57c1f-41ea-4233-b623-8a5c72e3bac3,997fd174-e516-4879-8c08-1c13be490635,2026-09-14 17:00:00+00,ad628a1e-82a4-4775-81a6-002caab88c88,a74424b2-990a-45ab-8b6b-45ca82decb58
c6b1874d-1152-4191-afa6-faf61134e356,308d76da-35e3-405e-9b70-6cbf528de394,e7858e74-28e0-46ac-85d1-3bd15cb40b7f,997fd174-e516-4879-8c08-1c13be490635,2026-09-14 17:00:00+00,65c631aa-5b85-4dac-b5cb-3db4748f3d43,a74424b2-990a-45ab-8b6b-45ca82decb58
d9bf0671-fac1-4d57-9ac3-9547e8089d09,308d76da-35e3-405e-9b70-6cbf528de394,d2c57c1f-41ea-4233-b623-8a5c72e3bac3,8b85f30b-35a2-46a9-9b5c-a61b7b21f687,2026-09-14 17:00:00+00,ad628a1e-82a4-4775-81a6-002caab88c88,82c59696-8b72-484c-a0a4-d18a3c5db941
f1f8c5f8-fd37-4991-bef3-37e74a588c94,308d76da-35e3-405e-9b70-6cbf528de394,5108d894-d08b-49d9-a33e-57e1eb5d8eec,d2c57c1f-41ea-4233-b623-8a5c72e3bac3,2026-09-14 17:00:00+00,0bb2f310-a286-47e8-ac87-78658d6bb2ac,ad628a1e-82a4-4775-81a6-002caab88c88
ffd696c3-89ac-4b61-b920-b8a938ab5919,308d76da-35e3-405e-9b70-6cbf528de394,e7858e74-28e0-46ac-85d1-3bd15cb40b7f,d2c57c1f-41ea-4233-b623-8a5c72e3bac3,2026-09-14 17:00:00+00,65c631aa-5b85-4dac-b5cb-3db4748f3d43,ad628a1e-82a4-4775-81a6-002caab88c88
